{
	"credit": "Made with Blockbench",
	"parent": "Trident",
	"textures": {
		"0": "block/texture",
		"1": "block/texture",
		"2": "block/texture",
		"3": "block/texture",
		"4": "block/texture",
		"5": "block/texture",
		"6": "block/texture",
		"7": "block/texture",
		"8": "block/texture",
		"9": "block/texture",
		"10": "block/texture",
		"particle": "block/texture"
	},
	"elements": [
		{
			"from": [8, 1, 7],
			"to": [9, 5, 8],
			"faces": {
				"north": {"uv": [0, 0, 1, 4], "texture": "#0"},
				"east": {"uv": [1, 0, 2, 4], "texture": "#0"},
				"south": {"uv": [2, 0, 3, 4], "texture": "#0"},
				"west": {"uv": [3, 0, 4, 4], "texture": "#0"},
				"up": {"uv": [1, 5, 0, 4], "texture": "#0"},
				"down": {"uv": [5, 0, 4, 1], "texture": "#0"}
			}
		},
		{
			"from": [7, 5, 5],
			"to": [10, 6, 10],
			"faces": {
				"north": {"uv": [0, 6, 3, 7], "texture": "#10"},
				"east": {"uv": [0, 5, 5, 6], "texture": "#10"},
				"south": {"uv": [6, 0, 9, 1], "texture": "#10"},
				"west": {"uv": [5, 5, 10, 6], "texture": "#10"},
				"up": {"uv": [3, 5, 0, 0], "texture": "#10"},
				"down": {"uv": [6, 0, 3, 5], "texture": "#10"}
			}
		},
		{
			"from": [8, 6, 6],
			"to": [9, 27, 9],
			"faces": {
				"north": {"uv": [3, 0, 3.5, 10.5], "texture": "#2"},
				"east": {"uv": [0, 0, 1.5, 10.5], "texture": "#2"},
				"south": {"uv": [3.5, 0, 4, 10.5], "texture": "#2"},
				"west": {"uv": [1.5, 0, 3, 10.5], "texture": "#2"},
				"up": {"uv": [4.5, 1.5, 4, 0], "texture": "#2"},
				"down": {"uv": [4.5, 1.5, 4, 3], "texture": "#2"}
			}
		},
		{
			"from": [9, 10, 4],
			"to": [9, 14, 6],
			"faces": {
				"north": {"uv": [0, 0, 0, 4], "texture": "#5"},
				"east": {"uv": [0, 0, 2, 4], "texture": "#5"},
				"south": {"uv": [0, 0, 0, 4], "texture": "#5"},
				"west": {"uv": [2, 0, 4, 4], "texture": "#5"},
				"up": {"uv": [0, 2, 0, 0], "texture": "#5"},
				"down": {"uv": [0, 0, 0, 2], "texture": "#5"}
			}
		},
		{
			"from": [9, 13, 9],
			"to": [9, 17, 11],
			"faces": {
				"north": {"uv": [0, 0, 0, 4], "texture": "#7"},
				"east": {"uv": [0, 0, 2, 4], "texture": "#7"},
				"south": {"uv": [0, 0, 0, 4], "texture": "#7"},
				"west": {"uv": [2, 0, 4, 4], "texture": "#7"},
				"up": {"uv": [0, 2, 0, 0], "texture": "#7"},
				"down": {"uv": [0, 0, 0, 2], "texture": "#7"}
			}
		},
		{
			"from": [8, 7, 9],
			"to": [8, 11, 11],
			"faces": {
				"north": {"uv": [0, 0, 0, 4], "texture": "#8"},
				"east": {"uv": [0, 0, 2, 4], "texture": "#8"},
				"south": {"uv": [0, 0, 0, 4], "texture": "#8"},
				"west": {"uv": [2, 0, 4, 4], "texture": "#8"},
				"up": {"uv": [0, 2, 0, 0], "texture": "#8"},
				"down": {"uv": [0, 0, 0, 2], "texture": "#8"}
			}
		},
		{
			"from": [8, 19, 9],
			"to": [8, 23, 11],
			"faces": {
				"north": {"uv": [0, 0, 0, 4], "texture": "#6"},
				"east": {"uv": [0, 0, 2, 4], "texture": "#6"},
				"south": {"uv": [0, 0, 0, 4], "texture": "#6"},
				"west": {"uv": [2, 0, 4, 4], "texture": "#6"},
				"up": {"uv": [0, 2, 0, 0], "texture": "#6"},
				"down": {"uv": [0, 0, 0, 2], "texture": "#6"}
			}
		},
		{
			"from": [9, 22, 4],
			"to": [9, 26, 6],
			"faces": {
				"north": {"uv": [0, 0, 0, 4], "texture": "#3"},
				"east": {"uv": [0, 0, 2, 4], "texture": "#3"},
				"south": {"uv": [0, 0, 0, 4], "texture": "#3"},
				"west": {"uv": [2, 0, 4, 4], "texture": "#3"},
				"up": {"uv": [0, 2, 0, 0], "texture": "#3"},
				"down": {"uv": [0, 0, 0, 2], "texture": "#3"}
			}
		},
		{
			"from": [8, 16, 4],
			"to": [8, 20, 6],
			"faces": {
				"north": {"uv": [0, 0, 0, 4], "texture": "#4"},
				"east": {"uv": [0, 0, 2, 4], "texture": "#4"},
				"south": {"uv": [0, 0, 0, 4], "texture": "#4"},
				"west": {"uv": [2, 0, 4, 4], "texture": "#4"},
				"up": {"uv": [0, 2, 0, 0], "texture": "#4"},
				"down": {"uv": [0, 0, 0, 2], "texture": "#4"}
			}
		},
		{
			"from": [8, 21, -15],
			"to": [9, 24, -12],
			"rotation": {"angle": 45, "axis": "x", "origin": [11, 1, 6]},
			"faces": {
				"north": {"uv": [3, 0, 4, 3], "texture": "#9"},
				"east": {"uv": [0, 0, 3, 3], "texture": "#9"},
				"south": {"uv": [3, 3, 4, 6], "texture": "#9"},
				"west": {"uv": [0, 3, 3, 6], "texture": "#9"},
				"up": {"uv": [5, 3, 4, 0], "texture": "#9"},
				"down": {"uv": [5, 3, 4, 6], "texture": "#9"}
			}
		},
		{
			"from": [7, 0, 6],
			"to": [10, 1, 9],
			"faces": {
				"north": {"uv": [3, 0, 6, 1], "texture": "#1"},
				"east": {"uv": [3, 1, 6, 2], "texture": "#1"},
				"south": {"uv": [3, 2, 6, 3], "texture": "#1"},
				"west": {"uv": [3, 3, 6, 4], "texture": "#1"},
				"up": {"uv": [3, 3, 0, 0], "texture": "#1"},
				"down": {"uv": [3, 3, 0, 6], "texture": "#1"}
			}
		}
	],
	"display": {
		"thirdperson_righthand": {
			"translation": [-0.25, 3.75, 2.75]
		}
	}
}